Entity,Code,Day,stringency_index
Denmark,DNK,2020-01-21,0.0
Denmark,DNK,2020-01-22,0.0
Denmark,DNK,2020-01-23,0.0
Denmark,DNK,2020-01-24,0.0
Denmark,DNK,2020-01-25,0.0
Denmark,DNK,2020-01-26,0.0
Denmark,DNK,2020-01-27,0.0
Denmark,DNK,2020-01-28,0.0
Denmark,DNK,2020-01-29,0.0
Denmark,DNK,2020-01-30,0.0
Denmark,DNK,2020-01-31,0.0
Denmark,DNK,2020-02-01,0.0
Denmark,DNK,2020-02-02,0.0
Denmark,DNK,2020-02-03,0.0
Denmark,DNK,2020-02-04,0.0
Denmark,DNK,2020-02-05,0.0
Denmark,DNK,2020-02-06,0.0
Denmark,DNK,2020-02-07,0.0
Denmark,DNK,2020-02-08,0.0
Denmark,DNK,2020-02-09,0.0
Denmark,DNK,2020-02-10,0.0
Denmark,DNK,2020-02-11,0.0
Denmark,DNK,2020-02-12,0.0
Denmark,DNK,2020-02-13,0.0
Denmark,DNK,2020-02-14,0.0
Denmark,DNK,2020-02-15,0.0
Denmark,DNK,2020-02-16,0.0
Denmark,DNK,2020-02-17,0.0
Denmark,DNK,2020-02-18,0.0
Denmark,DNK,2020-02-19,0.0
Denmark,DNK,2020-02-20,0.0
Denmark,DNK,2020-02-21,0.0
Denmark,DNK,2020-02-22,0.0
Denmark,DNK,2020-02-23,0.0
Denmark,DNK,2020-02-24,0.0
Denmark,DNK,2020-02-25,0.0
Denmark,DNK,2020-02-26,0.0
Denmark,DNK,2020-02-27,11.11
Denmark,DNK,2020-02-28,11.11
Denmark,DNK,2020-02-29,11.11
Denmark,DNK,2020-03-01,11.11
Denmark,DNK,2020-03-02,11.11
Denmark,DNK,2020-03-03,20.37
Denmark,DNK,2020-03-04,20.37
Denmark,DNK,2020-03-05,20.37
Denmark,DNK,2020-03-06,25.93
Denmark,DNK,2020-03-07,25.93
Denmark,DNK,2020-03-08,25.93
Denmark,DNK,2020-03-09,25.93
Denmark,DNK,2020-03-10,31.48
Denmark,DNK,2020-03-11,37.96
Denmark,DNK,2020-03-12,37.96
Denmark,DNK,2020-03-13,62.96
Denmark,DNK,2020-03-14,65.74
Denmark,DNK,2020-03-15,65.74
Denmark,DNK,2020-03-16,65.74
Denmark,DNK,2020-03-17,65.74
Denmark,DNK,2020-03-18,72.22
Denmark,DNK,2020-03-19,72.22
Denmark,DNK,2020-03-20,72.22
Denmark,DNK,2020-03-21,72.22
Denmark,DNK,2020-03-22,72.22
Denmark,DNK,2020-03-23,72.22
Denmark,DNK,2020-03-24,72.22
Denmark,DNK,2020-03-25,72.22
Denmark,DNK,2020-03-26,72.22
Denmark,DNK,2020-03-27,72.22
Denmark,DNK,2020-03-28,72.22
Denmark,DNK,2020-03-29,72.22
Denmark,DNK,2020-03-30,72.22
Denmark,DNK,2020-03-31,72.22
Denmark,DNK,2020-04-01,72.22
Denmark,DNK,2020-04-02,72.22
Denmark,DNK,2020-04-03,72.22
Denmark,DNK,2020-04-04,72.22
Denmark,DNK,2020-04-05,72.22
Denmark,DNK,2020-04-06,72.22
Denmark,DNK,2020-04-07,72.22
Denmark,DNK,2020-04-08,72.22
Denmark,DNK,2020-04-09,72.22
Denmark,DNK,2020-04-10,72.22
Denmark,DNK,2020-04-11,72.22
Denmark,DNK,2020-04-12,72.22
Denmark,DNK,2020-04-13,72.22
Denmark,DNK,2020-04-14,72.22
Denmark,DNK,2020-04-15,68.52
Denmark,DNK,2020-04-16,68.52
Denmark,DNK,2020-04-17,68.52
Denmark,DNK,2020-04-18,68.52
Denmark,DNK,2020-04-19,68.52
Denmark,DNK,2020-04-20,68.52
Denmark,DNK,2020-04-21,68.52
Denmark,DNK,2020-04-22,68.52
Denmark,DNK,2020-04-23,68.52
Denmark,DNK,2020-04-24,68.52
Denmark,DNK,2020-04-25,68.52
Denmark,DNK,2020-04-26,68.52
Denmark,DNK,2020-04-27,68.52
Denmark,DNK,2020-04-28,68.52
Denmark,DNK,2020-04-29,68.52
Denmark,DNK,2020-04-30,68.52
Denmark,DNK,2020-05-01,68.52
Denmark,DNK,2020-05-02,68.52
Denmark,DNK,2020-05-03,68.52
Denmark,DNK,2020-05-04,68.52
Denmark,DNK,2020-05-05,68.52
Denmark,DNK,2020-05-06,68.52
Denmark,DNK,2020-05-07,68.52
Denmark,DNK,2020-05-08,68.52
Denmark,DNK,2020-05-09,68.52
Denmark,DNK,2020-05-10,68.52
Denmark,DNK,2020-05-11,68.52
Denmark,DNK,2020-05-12,68.52
Denmark,DNK,2020-05-13,68.52
Denmark,DNK,2020-05-14,68.52
Denmark,DNK,2020-05-15,68.52
Denmark,DNK,2020-05-16,68.52
Denmark,DNK,2020-05-17,68.52
Denmark,DNK,2020-05-18,68.52
Denmark,DNK,2020-05-19,68.52
Denmark,DNK,2020-05-20,68.52
Denmark,DNK,2020-05-21,68.52
Denmark,DNK,2020-05-22,62.96
Denmark,DNK,2020-05-23,62.96
Denmark,DNK,2020-05-24,62.96
Denmark,DNK,2020-05-25,60.19
Denmark,DNK,2020-05-26,60.19
Denmark,DNK,2020-05-27,60.19
Denmark,DNK,2020-05-28,60.19
Denmark,DNK,2020-05-29,60.19
Denmark,DNK,2020-05-30,60.19
Denmark,DNK,2020-05-31,60.19
Denmark,DNK,2020-06-01,60.19
Denmark,DNK,2020-06-02,60.19
Denmark,DNK,2020-06-03,60.19
Denmark,DNK,2020-06-04,60.19
Denmark,DNK,2020-06-05,60.19
Denmark,DNK,2020-06-06,60.19
Denmark,DNK,2020-06-07,60.19
Denmark,DNK,2020-06-08,57.41
Denmark,DNK,2020-06-09,57.41
Denmark,DNK,2020-06-10,57.41
Denmark,DNK,2020-06-11,57.41
Denmark,DNK,2020-06-12,57.41
Denmark,DNK,2020-06-13,57.41
Denmark,DNK,2020-06-14,57.41
Denmark,DNK,2020-06-15,57.41
Denmark,DNK,2020-06-16,57.41
Denmark,DNK,2020-06-17,57.41
Denmark,DNK,2020-06-18,57.41
Denmark,DNK,2020-06-19,57.41
Denmark,DNK,2020-06-20,57.41
Denmark,DNK,2020-06-21,57.41
Denmark,DNK,2020-06-22,57.41
Denmark,DNK,2020-06-23,57.41
Denmark,DNK,2020-06-24,57.41
Denmark,DNK,2020-06-25,57.41
Denmark,DNK,2020-06-26,57.41
Denmark,DNK,2020-06-27,57.41
Denmark,DNK,2020-06-28,57.41
Denmark,DNK,2020-06-29,57.41
Denmark,DNK,2020-06-30,57.41
Denmark,DNK,2020-07-01,57.41
Denmark,DNK,2020-07-02,57.41
Denmark,DNK,2020-07-03,57.41
Denmark,DNK,2020-07-04,57.41
Denmark,DNK,2020-07-05,57.41
Denmark,DNK,2020-07-06,57.41
Denmark,DNK,2020-07-07,57.41
Denmark,DNK,2020-07-08,57.41
Denmark,DNK,2020-07-09,57.41
Denmark,DNK,2020-07-10,57.41
Denmark,DNK,2020-07-11,57.41
Denmark,DNK,2020-07-12,57.41
Denmark,DNK,2020-07-13,57.41
Denmark,DNK,2020-07-14,57.41
Denmark,DNK,2020-07-15,57.41
Denmark,DNK,2020-07-16,57.41
Denmark,DNK,2020-07-17,57.41
Denmark,DNK,2020-07-18,57.41
Denmark,DNK,2020-07-19,57.41
Denmark,DNK,2020-07-20,57.41
Denmark,DNK,2020-07-21,57.41
Denmark,DNK,2020-07-22,57.41
Denmark,DNK,2020-07-23,57.41
Denmark,DNK,2020-07-24,57.41
Denmark,DNK,2020-07-25,57.41
Denmark,DNK,2020-07-26,57.41
Denmark,DNK,2020-07-27,57.41
Denmark,DNK,2020-07-28,57.41
Denmark,DNK,2020-07-29,57.41
Denmark,DNK,2020-07-30,57.41
Denmark,DNK,2020-07-31,57.41
Denmark,DNK,2020-08-01,53.7
Denmark,DNK,2020-08-02,53.7
Denmark,DNK,2020-08-03,50.93
Denmark,DNK,2020-08-04,50.93
Denmark,DNK,2020-08-05,50.93
Denmark,DNK,2020-08-06,50.93
Denmark,DNK,2020-08-07,50.93
Denmark,DNK,2020-08-08,50.93
Denmark,DNK,2020-08-09,50.93
Denmark,DNK,2020-08-10,50.93
Denmark,DNK,2020-08-11,50.93
Denmark,DNK,2020-08-12,50.93
Denmark,DNK,2020-08-13,50.93
Denmark,DNK,2020-08-14,50.93
Denmark,DNK,2020-08-15,50.93
Denmark,DNK,2020-08-16,50.93
Denmark,DNK,2020-08-17,50.93
Denmark,DNK,2020-08-18,50.93
Denmark,DNK,2020-08-19,50.93
Denmark,DNK,2020-08-20,50.93
Denmark,DNK,2020-08-21,50.93
Denmark,DNK,2020-08-22,50.93
Denmark,DNK,2020-08-23,50.93
Denmark,DNK,2020-08-24,50.93
Denmark,DNK,2020-08-25,50.93
Denmark,DNK,2020-08-26,50.93
Denmark,DNK,2020-08-27,50.93
Denmark,DNK,2020-08-28,50.93
Denmark,DNK,2020-08-29,50.93
Denmark,DNK,2020-08-30,50.93
Denmark,DNK,2020-08-31,50.93
Denmark,DNK,2020-09-01,50.93
Denmark,DNK,2020-09-02,50.93
Denmark,DNK,2020-09-03,50.93
Denmark,DNK,2020-09-04,50.93
Denmark,DNK,2020-09-05,50.93
Denmark,DNK,2020-09-06,50.93
Denmark,DNK,2020-09-07,50.93
Denmark,DNK,2020-09-08,50.93
Denmark,DNK,2020-09-09,47.69
Denmark,DNK,2020-09-10,47.69
Denmark,DNK,2020-09-11,47.69
Denmark,DNK,2020-09-12,47.69
Denmark,DNK,2020-09-13,47.69
Denmark,DNK,2020-09-14,47.69
Denmark,DNK,2020-09-15,47.69
Denmark,DNK,2020-09-16,47.69
Denmark,DNK,2020-09-17,47.69
Denmark,DNK,2020-09-18,47.69
Denmark,DNK,2020-09-19,50.93
Denmark,DNK,2020-09-20,50.93
Denmark,DNK,2020-09-21,50.93
Denmark,DNK,2020-09-22,50.93
Denmark,DNK,2020-09-23,50.93
Denmark,DNK,2020-09-24,50.93
Denmark,DNK,2020-09-25,50.93
Denmark,DNK,2020-09-26,50.93
Denmark,DNK,2020-09-27,50.93
Denmark,DNK,2020-09-28,50.93
Denmark,DNK,2020-09-29,50.93
Denmark,DNK,2020-09-30,50.93
Denmark,DNK,2020-10-01,50.93
Denmark,DNK,2020-10-02,50.93
Denmark,DNK,2020-10-03,50.93
Denmark,DNK,2020-10-04,50.93
Denmark,DNK,2020-10-05,50.93
Denmark,DNK,2020-10-06,50.93
Denmark,DNK,2020-10-07,50.93
Denmark,DNK,2020-10-08,50.93
Denmark,DNK,2020-10-09,50.93
Denmark,DNK,2020-10-10,41.67
Denmark,DNK,2020-10-11,41.67
Denmark,DNK,2020-10-12,41.67
Denmark,DNK,2020-10-13,41.67
Denmark,DNK,2020-10-14,41.67
Denmark,DNK,2020-10-15,41.67
Denmark,DNK,2020-10-16,41.67
Denmark,DNK,2020-10-17,41.67
Denmark,DNK,2020-10-18,41.67
Denmark,DNK,2020-10-19,41.67
Denmark,DNK,2020-10-20,41.67
Denmark,DNK,2020-10-21,37.04
Denmark,DNK,2020-10-22,37.04
Denmark,DNK,2020-10-23,37.04
Denmark,DNK,2020-10-24,37.04
Denmark,DNK,2020-10-25,37.04
Denmark,DNK,2020-10-26,39.81
Denmark,DNK,2020-10-27,39.81
Denmark,DNK,2020-10-28,39.81
Denmark,DNK,2020-10-29,39.81
Denmark,DNK,2020-10-30,39.81
Denmark,DNK,2020-10-31,39.81
Denmark,DNK,2020-11-01,39.81
Denmark,DNK,2020-11-02,39.81
Denmark,DNK,2020-11-03,39.81
Denmark,DNK,2020-11-04,39.81
Denmark,DNK,2020-11-05,39.81
Denmark,DNK,2020-11-06,39.81
Denmark,DNK,2020-11-07,39.81
Denmark,DNK,2020-11-08,39.81
Denmark,DNK,2020-11-09,54.63
Denmark,DNK,2020-11-10,54.63
Denmark,DNK,2020-11-11,54.63
Denmark,DNK,2020-11-12,54.63
Denmark,DNK,2020-11-13,54.63
Denmark,DNK,2020-11-14,54.63
Denmark,DNK,2020-11-15,54.63
Denmark,DNK,2020-11-16,50.0
Denmark,DNK,2020-11-17,50.0
Denmark,DNK,2020-11-18,50.0
Denmark,DNK,2020-11-19,43.52
Denmark,DNK,2020-11-20,43.52
Denmark,DNK,2020-11-21,43.52
Denmark,DNK,2020-11-22,43.52
Denmark,DNK,2020-11-23,45.37
Denmark,DNK,2020-11-24,45.37
Denmark,DNK,2020-11-25,45.37
Denmark,DNK,2020-11-26,45.37
Denmark,DNK,2020-11-27,45.37
Denmark,DNK,2020-11-28,45.37
Denmark,DNK,2020-11-29,45.37
Denmark,DNK,2020-11-30,45.37
Denmark,DNK,2020-12-01,45.37
Denmark,DNK,2020-12-02,45.37
Denmark,DNK,2020-12-03,45.37
Denmark,DNK,2020-12-04,45.37
Denmark,DNK,2020-12-05,45.37
Denmark,DNK,2020-12-06,45.37
Denmark,DNK,2020-12-07,45.37
Denmark,DNK,2020-12-08,45.37
Denmark,DNK,2020-12-09,51.85
Denmark,DNK,2020-12-10,51.85
Denmark,DNK,2020-12-11,51.85
Denmark,DNK,2020-12-12,51.85
Denmark,DNK,2020-12-13,51.85
Denmark,DNK,2020-12-14,51.85
Denmark,DNK,2020-12-15,51.85
Denmark,DNK,2020-12-16,51.85
Denmark,DNK,2020-12-17,51.85
Denmark,DNK,2020-12-18,51.85
Denmark,DNK,2020-12-19,51.85
Denmark,DNK,2020-12-20,51.85
Denmark,DNK,2020-12-21,51.85
Denmark,DNK,2020-12-22,51.85
Denmark,DNK,2020-12-23,51.85
Denmark,DNK,2020-12-24,51.85
Denmark,DNK,2020-12-25,51.85
Denmark,DNK,2020-12-26,51.85
Denmark,DNK,2020-12-27,51.85
Denmark,DNK,2020-12-28,51.85
Denmark,DNK,2020-12-29,51.85
Denmark,DNK,2020-12-30,51.85
Denmark,DNK,2020-12-31,51.85
Denmark,DNK,2021-01-01,51.85
Denmark,DNK,2021-01-02,51.85
Denmark,DNK,2021-01-03,51.85
Denmark,DNK,2021-01-04,67.59
Denmark,DNK,2021-01-05,67.59
Denmark,DNK,2021-01-06,67.59
Denmark,DNK,2021-01-07,67.59
Denmark,DNK,2021-01-08,67.59
Denmark,DNK,2021-01-09,70.37
Denmark,DNK,2021-01-10,70.37
Denmark,DNK,2021-01-11,70.37
Denmark,DNK,2021-01-12,70.37
Denmark,DNK,2021-01-13,70.37
Denmark,DNK,2021-01-14,70.37
Denmark,DNK,2021-01-15,70.37
Denmark,DNK,2021-01-16,70.37
Denmark,DNK,2021-01-17,70.37
Denmark,DNK,2021-01-18,70.37
Denmark,DNK,2021-01-19,70.37
Denmark,DNK,2021-01-20,70.37
Denmark,DNK,2021-01-21,70.37
Denmark,DNK,2021-01-22,70.37
Denmark,DNK,2021-01-23,70.37
Denmark,DNK,2021-01-24,70.37
Denmark,DNK,2021-01-25,70.37
Denmark,DNK,2021-01-26,70.37
Denmark,DNK,2021-01-27,70.37
Denmark,DNK,2021-01-28,70.37
Denmark,DNK,2021-01-29,70.37
Denmark,DNK,2021-01-30,70.37
Denmark,DNK,2021-01-31,70.37
Denmark,DNK,2021-02-01,70.37
Denmark,DNK,2021-02-02,70.37
Denmark,DNK,2021-02-03,70.37
Denmark,DNK,2021-02-04,70.37
Denmark,DNK,2021-02-05,70.37
Denmark,DNK,2021-02-06,70.37
Denmark,DNK,2021-02-07,70.37
Denmark,DNK,2021-02-08,66.67
Denmark,DNK,2021-02-09,66.67
Denmark,DNK,2021-02-10,66.67
Denmark,DNK,2021-02-11,66.67
Denmark,DNK,2021-02-12,66.67
Denmark,DNK,2021-02-13,66.67
Denmark,DNK,2021-02-14,66.67
Denmark,DNK,2021-02-15,66.67
Denmark,DNK,2021-02-16,66.67
Denmark,DNK,2021-02-17,66.67
Denmark,DNK,2021-02-18,66.67
Denmark,DNK,2021-02-19,66.67
Denmark,DNK,2021-02-20,62.96
Denmark,DNK,2021-02-21,62.96
Denmark,DNK,2021-02-22,62.96
Denmark,DNK,2021-02-23,62.96
Denmark,DNK,2021-02-24,62.96
Denmark,DNK,2021-02-25,62.96
Denmark,DNK,2021-02-26,62.96
Denmark,DNK,2021-02-27,62.96
Denmark,DNK,2021-02-28,62.96
Denmark,DNK,2021-03-01,62.96
Denmark,DNK,2021-03-02,62.96
Denmark,DNK,2021-03-03,62.96
Denmark,DNK,2021-03-04,62.96
Denmark,DNK,2021-03-05,62.96
Denmark,DNK,2021-03-06,62.96
Denmark,DNK,2021-03-07,62.96
Denmark,DNK,2021-03-08,62.96
Denmark,DNK,2021-03-09,62.96
Denmark,DNK,2021-03-10,62.96
Denmark,DNK,2021-03-11,62.96
Denmark,DNK,2021-03-12,62.96
Denmark,DNK,2021-03-13,62.96
Denmark,DNK,2021-03-14,62.96
Denmark,DNK,2021-03-15,62.96
Denmark,DNK,2021-03-16,62.96
Denmark,DNK,2021-03-17,62.96
Denmark,DNK,2021-03-18,62.96
Denmark,DNK,2021-03-19,62.96
Denmark,DNK,2021-03-20,62.96
Denmark,DNK,2021-03-21,62.96
Denmark,DNK,2021-03-22,62.96
Denmark,DNK,2021-03-23,62.96
Denmark,DNK,2021-03-24,62.96
Denmark,DNK,2021-03-25,62.96
Denmark,DNK,2021-03-26,62.96
Denmark,DNK,2021-03-27,62.96
Denmark,DNK,2021-03-28,62.96
Denmark,DNK,2021-03-29,64.81
Denmark,DNK,2021-03-30,64.81
Denmark,DNK,2021-03-31,64.81
Denmark,DNK,2021-04-01,64.81
Denmark,DNK,2021-04-02,64.81
Denmark,DNK,2021-04-03,64.81
Denmark,DNK,2021-04-04,64.81
Denmark,DNK,2021-04-05,64.81
Denmark,DNK,2021-04-06,64.81
Denmark,DNK,2021-04-07,64.81
Denmark,DNK,2021-04-08,64.81
Denmark,DNK,2021-04-09,64.81
Denmark,DNK,2021-04-10,64.81
Denmark,DNK,2021-04-11,64.81
Denmark,DNK,2021-04-12,64.81
Denmark,DNK,2021-04-13,64.81
Denmark,DNK,2021-04-14,64.81
Denmark,DNK,2021-04-15,64.81
Denmark,DNK,2021-04-16,64.81
Denmark,DNK,2021-04-17,64.81
Denmark,DNK,2021-04-18,64.81
Denmark,DNK,2021-04-19,64.81
Denmark,DNK,2021-04-20,64.81
Denmark,DNK,2021-04-21,62.04
Denmark,DNK,2021-04-22,62.04
Denmark,DNK,2021-04-23,62.04
Denmark,DNK,2021-04-24,62.04
Denmark,DNK,2021-04-25,62.04
Denmark,DNK,2021-04-26,62.04
Denmark,DNK,2021-04-27,62.04
Denmark,DNK,2021-04-28,62.04
Denmark,DNK,2021-04-29,62.04
Denmark,DNK,2021-04-30,62.04
Denmark,DNK,2021-05-01,62.04
Denmark,DNK,2021-05-02,62.04
Denmark,DNK,2021-05-03,62.04
Denmark,DNK,2021-05-04,62.04
Denmark,DNK,2021-05-05,62.04
Denmark,DNK,2021-05-06,59.26
Denmark,DNK,2021-05-07,59.26
Denmark,DNK,2021-05-08,59.26
Denmark,DNK,2021-05-09,59.26
Denmark,DNK,2021-05-10,59.26
Denmark,DNK,2021-05-11,59.26
Denmark,DNK,2021-05-12,59.26
Denmark,DNK,2021-05-13,59.26
Denmark,DNK,2021-05-14,59.26
Denmark,DNK,2021-05-15,59.26
Denmark,DNK,2021-05-16,59.26
Denmark,DNK,2021-05-17,59.26
Denmark,DNK,2021-05-18,59.26
Denmark,DNK,2021-05-19,59.26
Denmark,DNK,2021-05-20,59.26
Denmark,DNK,2021-05-21,55.56
Denmark,DNK,2021-05-22,55.56
Denmark,DNK,2021-05-23,55.56
Denmark,DNK,2021-05-24,55.56
Denmark,DNK,2021-05-25,55.56
Denmark,DNK,2021-05-26,55.56
Denmark,DNK,2021-05-27,55.56
Denmark,DNK,2021-05-28,55.56
Denmark,DNK,2021-05-29,55.56
Denmark,DNK,2021-05-30,55.56
Denmark,DNK,2021-05-31,55.56
Denmark,DNK,2021-06-01,55.56
Denmark,DNK,2021-06-02,55.56
Denmark,DNK,2021-06-03,55.56
Denmark,DNK,2021-06-04,55.56
Denmark,DNK,2021-06-05,55.56
Denmark,DNK,2021-06-06,55.56
Denmark,DNK,2021-06-07,55.56
Denmark,DNK,2021-06-08,55.56
Denmark,DNK,2021-06-09,55.56
Denmark,DNK,2021-06-10,55.56
Denmark,DNK,2021-06-11,55.56
Denmark,DNK,2021-06-12,55.56
Denmark,DNK,2021-06-13,55.56
Denmark,DNK,2021-06-14,55.56
Denmark,DNK,2021-06-15,55.56
Denmark,DNK,2021-06-16,55.56
Denmark,DNK,2021-06-17,55.56
Denmark,DNK,2021-06-18,50.0
Denmark,DNK,2021-06-19,50.0
Denmark,DNK,2021-06-20,50.0
Denmark,DNK,2021-06-21,50.0
Denmark,DNK,2021-06-22,50.0
Denmark,DNK,2021-06-23,50.0
Denmark,DNK,2021-06-24,50.0
Denmark,DNK,2021-06-25,50.0
Denmark,DNK,2021-06-26,50.0
Denmark,DNK,2021-06-27,50.0
Denmark,DNK,2021-06-28,50.0
Denmark,DNK,2021-06-29,50.0
Denmark,DNK,2021-06-30,50.0
Denmark,DNK,2021-07-01,50.0
Denmark,DNK,2021-07-02,47.22
Denmark,DNK,2021-07-03,47.22
Denmark,DNK,2021-07-04,47.22
Denmark,DNK,2021-07-05,47.22
Denmark,DNK,2021-07-06,47.22
Denmark,DNK,2021-07-07,47.22
Denmark,DNK,2021-07-08,47.22
Denmark,DNK,2021-07-09,47.22
Denmark,DNK,2021-07-10,47.22
Denmark,DNK,2021-07-11,47.22
Denmark,DNK,2021-07-12,47.22
Denmark,DNK,2021-07-13,47.22
Denmark,DNK,2021-07-14,47.22
Denmark,DNK,2021-07-15,47.22
Denmark,DNK,2021-07-16,47.22
Denmark,DNK,2021-07-17,47.22
Denmark,DNK,2021-07-18,47.22
Denmark,DNK,2021-07-19,47.22
Denmark,DNK,2021-07-20,47.22
Denmark,DNK,2021-07-21,47.22
Denmark,DNK,2021-07-22,47.22
Denmark,DNK,2021-07-23,47.22
Denmark,DNK,2021-07-24,47.22
Denmark,DNK,2021-07-25,47.22
Denmark,DNK,2021-07-26,47.22
Denmark,DNK,2021-07-27,47.22
Denmark,DNK,2021-07-28,47.22
Denmark,DNK,2021-07-29,47.22
Denmark,DNK,2021-07-30,47.22
Denmark,DNK,2021-07-31,38.89
Denmark,DNK,2021-08-01,38.89
Denmark,DNK,2021-08-02,38.89
Denmark,DNK,2021-08-03,38.89
Denmark,DNK,2021-08-04,38.89
Denmark,DNK,2021-08-05,38.89
Denmark,DNK,2021-08-06,38.89
Denmark,DNK,2021-08-07,38.89
Denmark,DNK,2021-08-08,38.89
Denmark,DNK,2021-08-09,38.89
Denmark,DNK,2021-08-10,38.89
Denmark,DNK,2021-08-11,38.89
Denmark,DNK,2021-08-12,38.89
Denmark,DNK,2021-08-13,38.89
Denmark,DNK,2021-08-14,38.89
Denmark,DNK,2021-08-15,38.89
Denmark,DNK,2021-08-16,38.89
Denmark,DNK,2021-08-17,38.89
Denmark,DNK,2021-08-18,38.89
Denmark,DNK,2021-08-19,38.89
Denmark,DNK,2021-08-20,38.89
Denmark,DNK,2021-08-21,38.89
Denmark,DNK,2021-08-22,38.89
Denmark,DNK,2021-08-23,38.89
Denmark,DNK,2021-08-24,38.89
Denmark,DNK,2021-08-25,38.89
Denmark,DNK,2021-08-26,38.89
Denmark,DNK,2021-08-27,38.89
Denmark,DNK,2021-08-28,38.89
Denmark,DNK,2021-08-29,38.89
Denmark,DNK,2021-08-30,38.89
Denmark,DNK,2021-08-31,38.89
Denmark,DNK,2021-09-01,29.63
Denmark,DNK,2021-09-02,29.63
Denmark,DNK,2021-09-03,29.63
Denmark,DNK,2021-09-04,29.63
Denmark,DNK,2021-09-05,29.63
Denmark,DNK,2021-09-06,29.63
Denmark,DNK,2021-09-07,29.63
Denmark,DNK,2021-09-08,29.63
Denmark,DNK,2021-09-09,29.63
Denmark,DNK,2021-09-10,24.07
Denmark,DNK,2021-09-11,24.07
Denmark,DNK,2021-09-12,24.07
Denmark,DNK,2021-09-13,24.07
Denmark,DNK,2021-09-14,24.07
Denmark,DNK,2021-09-15,24.07
Denmark,DNK,2021-09-16,24.07
Denmark,DNK,2021-09-17,24.07
Denmark,DNK,2021-09-18,24.07
Denmark,DNK,2021-09-19,24.07
Denmark,DNK,2021-09-20,24.07
Denmark,DNK,2021-09-21,24.07
Denmark,DNK,2021-09-22,24.07
Denmark,DNK,2021-09-23,24.07
Denmark,DNK,2021-09-24,24.07
Denmark,DNK,2021-09-25,24.07
Denmark,DNK,2021-09-26,24.07
Denmark,DNK,2021-09-27,24.07
Denmark,DNK,2021-09-28,24.07
Denmark,DNK,2021-09-29,24.07
Denmark,DNK,2021-09-30,24.07
Denmark,DNK,2021-10-01,24.07
Denmark,DNK,2021-10-02,24.07
Denmark,DNK,2021-10-03,24.07
Denmark,DNK,2021-10-04,24.07
Denmark,DNK,2021-10-05,24.07
Denmark,DNK,2021-10-06,24.07
Denmark,DNK,2021-10-07,24.07
Denmark,DNK,2021-10-08,24.07
Denmark,DNK,2021-10-09,24.07
Denmark,DNK,2021-10-10,24.07
Denmark,DNK,2021-10-11,24.07
United States,USA,2020-01-21,0.0
United States,USA,2020-01-22,0.0
United States,USA,2020-01-23,0.0
United States,USA,2020-01-24,0.0
United States,USA,2020-01-25,0.0
United States,USA,2020-01-26,0.0
United States,USA,2020-01-27,0.0
United States,USA,2020-01-28,0.0
United States,USA,2020-01-29,0.0
United States,USA,2020-01-30,0.0
United States,USA,2020-01-31,0.0
United States,USA,2020-02-01,0.0
United States,USA,2020-02-02,5.56
United States,USA,2020-02-03,5.56
United States,USA,2020-02-04,5.56
United States,USA,2020-02-05,5.56
United States,USA,2020-02-06,5.56
United States,USA,2020-02-07,5.56
United States,USA,2020-02-08,5.56
United States,USA,2020-02-09,5.56
United States,USA,2020-02-10,5.56
United States,USA,2020-02-11,5.56
United States,USA,2020-02-12,5.56
United States,USA,2020-02-13,5.56
United States,USA,2020-02-14,5.56
United States,USA,2020-02-15,5.56
United States,USA,2020-02-16,5.56
United States,USA,2020-02-17,5.56
United States,USA,2020-02-18,5.56
United States,USA,2020-02-19,5.56
United States,USA,2020-02-20,5.56
United States,USA,2020-02-21,5.56
United States,USA,2020-02-22,5.56
United States,USA,2020-02-23,5.56
United States,USA,2020-02-24,5.56
United States,USA,2020-02-25,5.56
United States,USA,2020-02-26,5.56
United States,USA,2020-02-27,5.56
United States,USA,2020-02-28,5.56
United States,USA,2020-02-29,5.56
United States,USA,2020-03-01,8.33
United States,USA,2020-03-02,11.11
United States,USA,2020-03-03,11.11
United States,USA,2020-03-04,11.11
United States,USA,2020-03-05,20.37
United States,USA,2020-03-06,20.37
United States,USA,2020-03-07,20.37
United States,USA,2020-03-08,20.37
United States,USA,2020-03-09,20.37
United States,USA,2020-03-10,20.37
United States,USA,2020-03-11,21.76
United States,USA,2020-03-12,30.09
United States,USA,2020-03-13,30.09
United States,USA,2020-03-14,35.65
United States,USA,2020-03-15,41.2
United States,USA,2020-03-16,52.31
United States,USA,2020-03-17,55.09
United States,USA,2020-03-18,55.09
United States,USA,2020-03-19,67.13
United States,USA,2020-03-20,67.13
United States,USA,2020-03-21,72.69
United States,USA,2020-03-22,72.69
United States,USA,2020-03-23,72.69
United States,USA,2020-03-24,72.69
United States,USA,2020-03-25,72.69
United States,USA,2020-03-26,72.69
United States,USA,2020-03-27,72.69
United States,USA,2020-03-28,72.69
United States,USA,2020-03-29,72.69
United States,USA,2020-03-30,72.69
United States,USA,2020-03-31,72.69
United States,USA,2020-04-01,72.69
United States,USA,2020-04-02,72.69
United States,USA,2020-04-03,72.69
United States,USA,2020-04-04,72.69
United States,USA,2020-04-05,72.69
United States,USA,2020-04-06,72.69
United States,USA,2020-04-07,72.69
United States,USA,2020-04-08,72.69
United States,USA,2020-04-09,72.69
United States,USA,2020-04-10,72.69
United States,USA,2020-04-11,72.69
United States,USA,2020-04-12,72.69
United States,USA,2020-04-13,72.69
United States,USA,2020-04-14,72.69
United States,USA,2020-04-15,72.69
United States,USA,2020-04-16,72.69
United States,USA,2020-04-17,72.69
United States,USA,2020-04-18,72.69
United States,USA,2020-04-19,72.69
United States,USA,2020-04-20,72.69
United States,USA,2020-04-21,72.69
United States,USA,2020-04-22,72.69
United States,USA,2020-04-23,72.69
United States,USA,2020-04-24,72.69
United States,USA,2020-04-25,72.69
United States,USA,2020-04-26,72.69
United States,USA,2020-04-27,72.69
United States,USA,2020-04-28,72.69
United States,USA,2020-04-29,72.69
United States,USA,2020-04-30,72.69
United States,USA,2020-05-01,72.69
United States,USA,2020-05-02,72.69
United States,USA,2020-05-03,72.69
United States,USA,2020-05-04,72.69
United States,USA,2020-05-05,72.69
United States,USA,2020-05-06,72.69
United States,USA,2020-05-07,72.69
United States,USA,2020-05-08,72.69
United States,USA,2020-05-09,72.69
United States,USA,2020-05-10,72.69
United States,USA,2020-05-11,72.69
United States,USA,2020-05-12,72.69
United States,USA,2020-05-13,72.69
United States,USA,2020-05-14,72.69
United States,USA,2020-05-15,72.69
United States,USA,2020-05-16,72.69
United States,USA,2020-05-17,72.69
United States,USA,2020-05-18,72.69
United States,USA,2020-05-19,72.69
United States,USA,2020-05-20,72.69
United States,USA,2020-05-21,72.69
United States,USA,2020-05-22,72.69
United States,USA,2020-05-23,72.69
United States,USA,2020-05-24,72.69
United States,USA,2020-05-25,72.69
United States,USA,2020-05-26,72.69
United States,USA,2020-05-27,72.69
United States,USA,2020-05-28,72.69
United States,USA,2020-05-29,72.69
United States,USA,2020-05-30,72.69
United States,USA,2020-05-31,72.69
United States,USA,2020-06-01,72.69
United States,USA,2020-06-02,72.69
United States,USA,2020-06-03,72.69
United States,USA,2020-06-04,72.69
United States,USA,2020-06-05,72.69
United States,USA,2020-06-06,72.69
United States,USA,2020-06-07,72.69
United States,USA,2020-06-08,72.69
United States,USA,2020-06-09,72.69
United States,USA,2020-06-10,72.69
United States,USA,2020-06-11,72.69
United States,USA,2020-06-12,72.69
United States,USA,2020-06-13,72.69
United States,USA,2020-06-14,72.69
United States,USA,2020-06-15,68.98
United States,USA,2020-06-16,68.98
United States,USA,2020-06-17,68.98
United States,USA,2020-06-18,68.98
United States,USA,2020-06-19,68.98
United States,USA,2020-06-20,68.98
United States,USA,2020-06-21,68.98
United States,USA,2020-06-22,68.98
United States,USA,2020-06-23,68.98
United States,USA,2020-06-24,68.98
United States,USA,2020-06-25,68.98
United States,USA,2020-06-26,68.98
United States,USA,2020-06-27,68.98
United States,USA,2020-06-28,68.98
United States,USA,2020-06-29,68.98
United States,USA,2020-06-30,68.98
United States,USA,2020-07-01,68.98
United States,USA,2020-07-02,68.98
United States,USA,2020-07-03,68.98
United States,USA,2020-07-04,68.98
United States,USA,2020-07-05,68.98
United States,USA,2020-07-06,68.98
United States,USA,2020-07-07,68.98
United States,USA,2020-07-08,68.98
United States,USA,2020-07-09,68.98
United States,USA,2020-07-10,68.98
United States,USA,2020-07-11,68.98
United States,USA,2020-07-12,68.98
United States,USA,2020-07-13,68.98
United States,USA,2020-07-14,68.98
United States,USA,2020-07-15,68.98
United States,USA,2020-07-16,68.98
United States,USA,2020-07-17,68.98
United States,USA,2020-07-18,68.98
United States,USA,2020-07-19,68.98
United States,USA,2020-07-20,67.13
United States,USA,2020-07-21,67.13
United States,USA,2020-07-22,67.13
United States,USA,2020-07-23,67.13
United States,USA,2020-07-24,67.13
United States,USA,2020-07-25,67.13
United States,USA,2020-07-26,67.13
United States,USA,2020-07-27,67.13
United States,USA,2020-07-28,67.13
United States,USA,2020-07-29,67.13
United States,USA,2020-07-30,67.13
United States,USA,2020-07-31,67.13
United States,USA,2020-08-01,67.13
United States,USA,2020-08-02,67.13
United States,USA,2020-08-03,67.13
United States,USA,2020-08-04,67.13
United States,USA,2020-08-05,67.13
United States,USA,2020-08-06,67.13
United States,USA,2020-08-07,67.13
United States,USA,2020-08-08,67.13
United States,USA,2020-08-09,67.13
United States,USA,2020-08-10,67.13
United States,USA,2020-08-11,67.13
United States,USA,2020-08-12,67.13
United States,USA,2020-08-13,67.13
United States,USA,2020-08-14,67.13
United States,USA,2020-08-15,67.13
United States,USA,2020-08-16,67.13
United States,USA,2020-08-17,67.13
United States,USA,2020-08-18,67.13
United States,USA,2020-08-19,67.13
United States,USA,2020-08-20,67.13
United States,USA,2020-08-21,67.13
United States,USA,2020-08-22,67.13
United States,USA,2020-08-23,67.13
United States,USA,2020-08-24,67.13
United States,USA,2020-08-25,67.13
United States,USA,2020-08-26,67.13
United States,USA,2020-08-27,67.13
United States,USA,2020-08-28,67.13
United States,USA,2020-08-29,67.13
United States,USA,2020-08-30,67.13
United States,USA,2020-08-31,67.13
United States,USA,2020-09-01,67.13
United States,USA,2020-09-02,67.13
United States,USA,2020-09-03,67.13
United States,USA,2020-09-04,67.13
United States,USA,2020-09-05,67.13
United States,USA,2020-09-06,67.13
United States,USA,2020-09-07,67.13
United States,USA,2020-09-08,67.13
United States,USA,2020-09-09,67.13
United States,USA,2020-09-10,67.13
United States,USA,2020-09-11,67.13
United States,USA,2020-09-12,62.5
United States,USA,2020-09-13,62.5
United States,USA,2020-09-14,62.5
United States,USA,2020-09-15,62.5
United States,USA,2020-09-16,62.5
United States,USA,2020-09-17,62.5
United States,USA,2020-09-18,62.5
United States,USA,2020-09-19,62.5
United States,USA,2020-09-20,62.5
United States,USA,2020-09-21,62.5
United States,USA,2020-09-22,62.5
United States,USA,2020-09-23,62.5
United States,USA,2020-09-24,62.5
United States,USA,2020-09-25,62.5
United States,USA,2020-09-26,62.5
United States,USA,2020-09-27,62.5
United States,USA,2020-09-28,62.5
United States,USA,2020-09-29,62.5
United States,USA,2020-09-30,62.5
United States,USA,2020-10-01,62.5
United States,USA,2020-10-02,62.5
United States,USA,2020-10-03,62.5
United States,USA,2020-10-04,62.5
United States,USA,2020-10-05,62.5
United States,USA,2020-10-06,62.5
United States,USA,2020-10-07,62.5
United States,USA,2020-10-08,62.5
United States,USA,2020-10-09,62.5
United States,USA,2020-10-10,62.5
United States,USA,2020-10-11,62.5
United States,USA,2020-10-12,62.5
United States,USA,2020-10-13,66.2
United States,USA,2020-10-14,66.2
United States,USA,2020-10-15,66.2
United States,USA,2020-10-16,66.2
United States,USA,2020-10-17,66.2
United States,USA,2020-10-18,66.2
United States,USA,2020-10-19,66.2
United States,USA,2020-10-20,66.2
United States,USA,2020-10-21,66.2
United States,USA,2020-10-22,66.2
United States,USA,2020-10-23,66.2
United States,USA,2020-10-24,66.2
United States,USA,2020-10-25,66.2
United States,USA,2020-10-26,62.5
United States,USA,2020-10-27,62.5
United States,USA,2020-10-28,62.5
United States,USA,2020-10-29,62.5
United States,USA,2020-10-30,62.5
United States,USA,2020-10-31,62.5
United States,USA,2020-11-01,62.5
United States,USA,2020-11-02,62.5
United States,USA,2020-11-03,62.5
United States,USA,2020-11-04,62.5
United States,USA,2020-11-05,62.5
United States,USA,2020-11-06,62.5
United States,USA,2020-11-07,62.5
United States,USA,2020-11-08,62.5
United States,USA,2020-11-09,65.28
United States,USA,2020-11-10,65.28
United States,USA,2020-11-11,65.28
United States,USA,2020-11-12,65.28
United States,USA,2020-11-13,65.28
United States,USA,2020-11-14,65.28
United States,USA,2020-11-15,65.28
United States,USA,2020-11-16,75.46
United States,USA,2020-11-17,75.46
United States,USA,2020-11-18,75.46
United States,USA,2020-11-19,75.46
United States,USA,2020-11-20,75.46
United States,USA,2020-11-21,75.46
United States,USA,2020-11-22,75.46
United States,USA,2020-11-23,75.46
United States,USA,2020-11-24,75.46
United States,USA,2020-11-25,75.46
United States,USA,2020-11-26,75.46
United States,USA,2020-11-27,75.46
United States,USA,2020-11-28,75.46
United States,USA,2020-11-29,75.46
United States,USA,2020-11-30,75.46
United States,USA,2020-12-01,75.46
United States,USA,2020-12-02,71.76
United States,USA,2020-12-03,71.76
United States,USA,2020-12-04,71.76
United States,USA,2020-12-05,71.76
United States,USA,2020-12-06,71.76
United States,USA,2020-12-07,71.76
United States,USA,2020-12-08,71.76
United States,USA,2020-12-09,71.76
United States,USA,2020-12-10,71.76
United States,USA,2020-12-11,71.76
United States,USA,2020-12-12,71.76
United States,USA,2020-12-13,71.76
United States,USA,2020-12-14,71.76
United States,USA,2020-12-15,71.76
United States,USA,2020-12-16,71.76
United States,USA,2020-12-17,71.76
United States,USA,2020-12-18,71.76
United States,USA,2020-12-19,71.76
United States,USA,2020-12-20,71.76
United States,USA,2020-12-21,71.76
United States,USA,2020-12-22,71.76
United States,USA,2020-12-23,71.76
United States,USA,2020-12-24,71.76
United States,USA,2020-12-25,71.76
United States,USA,2020-12-26,71.76
United States,USA,2020-12-27,71.76
United States,USA,2020-12-28,71.76
United States,USA,2020-12-29,71.76
United States,USA,2020-12-30,71.76
United States,USA,2020-12-31,71.76
United States,USA,2021-01-01,71.76
United States,USA,2021-01-02,71.76
United States,USA,2021-01-03,71.76
United States,USA,2021-01-04,71.76
United States,USA,2021-01-05,71.76
United States,USA,2021-01-06,71.76
United States,USA,2021-01-07,71.76
United States,USA,2021-01-08,71.76
United States,USA,2021-01-09,71.76
United States,USA,2021-01-10,71.76
United States,USA,2021-01-11,71.76
United States,USA,2021-01-12,71.76
United States,USA,2021-01-13,71.76
United States,USA,2021-01-14,71.76
United States,USA,2021-01-15,71.76
United States,USA,2021-01-16,71.76
United States,USA,2021-01-17,71.76
United States,USA,2021-01-18,71.76
United States,USA,2021-01-19,71.76
United States,USA,2021-01-20,71.76
United States,USA,2021-01-21,71.76
United States,USA,2021-01-22,71.76
United States,USA,2021-01-23,71.76
United States,USA,2021-01-24,71.76
United States,USA,2021-01-25,71.76
United States,USA,2021-01-26,71.76
United States,USA,2021-01-27,71.76
United States,USA,2021-01-28,71.76
United States,USA,2021-01-29,71.76
United States,USA,2021-01-30,71.76
United States,USA,2021-01-31,71.76
United States,USA,2021-02-01,71.76
United States,USA,2021-02-02,71.76
United States,USA,2021-02-03,68.06
United States,USA,2021-02-04,68.06
United States,USA,2021-02-05,68.06
United States,USA,2021-02-06,68.06
United States,USA,2021-02-07,68.06
United States,USA,2021-02-08,68.06
United States,USA,2021-02-09,68.06
United States,USA,2021-02-10,68.06
United States,USA,2021-02-11,68.06
United States,USA,2021-02-12,68.06
United States,USA,2021-02-13,68.06
United States,USA,2021-02-14,68.06
United States,USA,2021-02-15,68.06
United States,USA,2021-02-16,68.06
United States,USA,2021-02-17,68.06
United States,USA,2021-02-18,68.06
United States,USA,2021-02-19,68.06
United States,USA,2021-02-20,68.06
United States,USA,2021-02-21,68.06
United States,USA,2021-02-22,68.06
United States,USA,2021-02-23,68.06
United States,USA,2021-02-24,68.06
United States,USA,2021-02-25,68.06
United States,USA,2021-02-26,68.06
United States,USA,2021-02-27,68.06
United States,USA,2021-02-28,68.06
United States,USA,2021-03-01,68.06
United States,USA,2021-03-02,68.06
United States,USA,2021-03-03,68.06
United States,USA,2021-03-04,64.35
United States,USA,2021-03-05,64.35
United States,USA,2021-03-06,64.35
United States,USA,2021-03-07,64.35
United States,USA,2021-03-08,64.35
United States,USA,2021-03-09,64.35
United States,USA,2021-03-10,64.35
United States,USA,2021-03-11,64.35
United States,USA,2021-03-12,64.35
United States,USA,2021-03-13,64.35
United States,USA,2021-03-14,64.35
United States,USA,2021-03-15,64.35
United States,USA,2021-03-16,64.35
United States,USA,2021-03-17,64.35
United States,USA,2021-03-18,64.35
United States,USA,2021-03-19,64.35
United States,USA,2021-03-20,64.35
United States,USA,2021-03-21,64.35
United States,USA,2021-03-22,66.2
United States,USA,2021-03-23,61.57
United States,USA,2021-03-24,61.57
United States,USA,2021-03-25,61.57
United States,USA,2021-03-26,61.57
United States,USA,2021-03-27,61.57
United States,USA,2021-03-28,61.57
United States,USA,2021-03-29,58.8
United States,USA,2021-03-30,56.94
United States,USA,2021-03-31,56.94
United States,USA,2021-04-01,56.94
United States,USA,2021-04-02,56.94
United States,USA,2021-04-03,56.94
United States,USA,2021-04-04,56.94
United States,USA,2021-04-05,56.94
United States,USA,2021-04-06,56.94
United States,USA,2021-04-07,56.94
United States,USA,2021-04-08,56.94
United States,USA,2021-04-09,56.94
United States,USA,2021-04-10,56.94
United States,USA,2021-04-11,56.94
United States,USA,2021-04-12,56.94
United States,USA,2021-04-13,56.94
United States,USA,2021-04-14,56.94
United States,USA,2021-04-15,56.94
United States,USA,2021-04-16,56.94
United States,USA,2021-04-17,56.94
United States,USA,2021-04-18,56.94
United States,USA,2021-04-19,56.94
United States,USA,2021-04-20,56.94
United States,USA,2021-04-21,56.94
United States,USA,2021-04-22,56.94
United States,USA,2021-04-23,56.94
United States,USA,2021-04-24,56.94
United States,USA,2021-04-25,56.94
United States,USA,2021-04-26,56.94
United States,USA,2021-04-27,56.94
United States,USA,2021-04-28,56.94
United States,USA,2021-04-29,56.94
United States,USA,2021-04-30,56.94
United States,USA,2021-05-01,56.94
United States,USA,2021-05-02,56.94
United States,USA,2021-05-03,56.94
United States,USA,2021-05-04,56.94
United States,USA,2021-05-05,56.94
United States,USA,2021-05-06,56.94
United States,USA,2021-05-07,56.94
United States,USA,2021-05-08,56.94
United States,USA,2021-05-09,52.31
United States,USA,2021-05-10,52.31
United States,USA,2021-05-11,52.31
United States,USA,2021-05-12,52.31
United States,USA,2021-05-13,52.31
United States,USA,2021-05-14,52.31
United States,USA,2021-05-15,52.31
United States,USA,2021-05-16,52.31
United States,USA,2021-05-17,52.31
United States,USA,2021-05-18,52.31
United States,USA,2021-05-19,52.31
United States,USA,2021-05-20,52.31
United States,USA,2021-05-21,52.31
United States,USA,2021-05-22,52.31
United States,USA,2021-05-23,46.76
United States,USA,2021-05-24,46.76
United States,USA,2021-05-25,46.76
United States,USA,2021-05-26,46.76
United States,USA,2021-05-27,46.76
United States,USA,2021-05-28,46.76
United States,USA,2021-05-29,46.76
United States,USA,2021-05-30,46.76
United States,USA,2021-05-31,46.76
United States,USA,2021-06-01,46.76
United States,USA,2021-06-02,46.76
United States,USA,2021-06-03,46.76
United States,USA,2021-06-04,46.76
United States,USA,2021-06-05,46.76
United States,USA,2021-06-06,46.76
United States,USA,2021-06-07,46.76
United States,USA,2021-06-08,46.76
United States,USA,2021-06-09,46.76
United States,USA,2021-06-10,46.76
United States,USA,2021-06-11,46.76
United States,USA,2021-06-12,46.76
United States,USA,2021-06-13,46.76
United States,USA,2021-06-14,58.8
United States,USA,2021-06-15,58.8
United States,USA,2021-06-16,58.8
United States,USA,2021-06-17,58.8
United States,USA,2021-06-18,58.8
United States,USA,2021-06-19,58.8
United States,USA,2021-06-20,58.8
United States,USA,2021-06-21,61.57
United States,USA,2021-06-22,61.57
United States,USA,2021-06-23,61.57
United States,USA,2021-06-24,61.57
United States,USA,2021-06-25,61.57
United States,USA,2021-06-26,61.57
United States,USA,2021-06-27,61.57
United States,USA,2021-06-28,61.57
United States,USA,2021-06-29,61.57
United States,USA,2021-06-30,61.57
United States,USA,2021-07-01,61.57
United States,USA,2021-07-02,61.57
United States,USA,2021-07-03,61.57
United States,USA,2021-07-04,61.57
United States,USA,2021-07-05,61.57
United States,USA,2021-07-06,61.57
United States,USA,2021-07-07,61.57
United States,USA,2021-07-08,49.54
United States,USA,2021-07-09,49.54
United States,USA,2021-07-10,49.54
United States,USA,2021-07-11,49.54
United States,USA,2021-07-12,49.54
United States,USA,2021-07-13,49.54
United States,USA,2021-07-14,49.54
United States,USA,2021-07-15,49.54
United States,USA,2021-07-16,49.54
United States,USA,2021-07-17,49.54
United States,USA,2021-07-18,49.54
United States,USA,2021-07-19,49.54
United States,USA,2021-07-20,49.54
United States,USA,2021-07-21,49.54
United States,USA,2021-07-22,49.54
United States,USA,2021-07-23,49.54
United States,USA,2021-07-24,49.54
United States,USA,2021-07-25,49.54
United States,USA,2021-07-26,49.54
United States,USA,2021-07-27,49.54
United States,USA,2021-07-28,49.54
United States,USA,2021-07-29,49.54
United States,USA,2021-07-30,49.54
United States,USA,2021-07-31,49.54
United States,USA,2021-08-01,49.54
United States,USA,2021-08-02,49.54
United States,USA,2021-08-03,49.54
United States,USA,2021-08-04,49.54
United States,USA,2021-08-05,49.54
United States,USA,2021-08-06,49.54
United States,USA,2021-08-07,49.54
United States,USA,2021-08-08,49.54
United States,USA,2021-08-09,49.54
United States,USA,2021-08-10,56.02
United States,USA,2021-08-11,56.02
United States,USA,2021-08-12,56.02
United States,USA,2021-08-13,56.02
United States,USA,2021-08-14,56.02
United States,USA,2021-08-15,56.02
United States,USA,2021-08-16,56.02
United States,USA,2021-08-17,56.02
United States,USA,2021-08-18,56.02
United States,USA,2021-08-19,56.02
United States,USA,2021-08-20,56.02
United States,USA,2021-08-21,56.02
United States,USA,2021-08-22,56.02
United States,USA,2021-08-23,56.02
United States,USA,2021-08-24,56.02
United States,USA,2021-08-25,56.02
United States,USA,2021-08-26,56.02
United States,USA,2021-08-27,56.02
United States,USA,2021-08-28,56.02
United States,USA,2021-08-29,56.02
United States,USA,2021-08-30,57.87
United States,USA,2021-08-31,57.87
United States,USA,2021-09-01,57.87
United States,USA,2021-09-02,57.87
United States,USA,2021-09-03,57.87
United States,USA,2021-09-04,57.87
United States,USA,2021-09-05,57.87
United States,USA,2021-09-06,57.87
United States,USA,2021-09-07,57.87
United States,USA,2021-09-08,57.87
United States,USA,2021-09-09,57.87
United States,USA,2021-09-10,57.87
United States,USA,2021-09-11,57.87
United States,USA,2021-09-12,57.87
United States,USA,2021-09-13,61.57
United States,USA,2021-09-14,61.57
United States,USA,2021-09-15,61.57
United States,USA,2021-09-16,61.57
United States,USA,2021-09-17,61.57
United States,USA,2021-09-18,61.57
United States,USA,2021-09-19,61.57
United States,USA,2021-09-20,61.57
United States,USA,2021-09-21,61.57
United States,USA,2021-09-22,61.57
United States,USA,2021-09-23,61.57
United States,USA,2021-09-24,61.57
United States,USA,2021-09-25,61.57
United States,USA,2021-09-26,61.57
United States,USA,2021-09-27,61.57
United States,USA,2021-09-28,61.57
United States,USA,2021-09-29,61.57
United States,USA,2021-09-30,61.57
United States,USA,2021-10-01,61.57
United States,USA,2021-10-02,61.57
United States,USA,2021-10-03,61.57
United States,USA,2021-10-04,61.57
